Young's Modulus (Material),Shear Modulus (Material),Poisson's Ratio (Material),Density (Material),Young's Modulus (Equipment),Shear Modulus (Equipment),Poisson's Ratio (Equipment),Density (Equipment),Coefficient of Restitution (Interaction),Coefficient of Rolling Friction (Interaction),Coefficient of Static Friction (Interaction),Archard Wear Constant,Plate Angle,Factory Angle,Particle Size,Factory Z Velocity,Equivalent Young's Modulus (E*),Equivalent Shear Modulus (G*),Logarithmic Damping Ratio (ξ),Damping Coefficient (η),Wear Rate
18342234021,7338034955,0.249805577,3448.72317,40967994713,16944107639,0.208915677,7815.384167,0.422945481,0.041245251,0.483379127,3.93E-09,36.48493419,-47.6785853,0.022331531,-1.466448304,13429888315,2905157658,-0.264178513,-3868.591684,0.00492796
19428023376,7237251499,0.342223866,2007.37687,49800020690,19495279088,0.277232823,6786.753465,0.488926422,0.016358363,0.45991436,2.00E-09,32.13636246,-13.10404523,0.033099821,-5.024002208,15629698738,3150300947,-0.222077018,-5880.275909,0.007678635
6554601810,2446365420,0.339661229,3894.192939,1.56E+11,62041693591,0.26122728,7357.338832,0.479790499,0.01010022,0.473644746,5.31E-09,63.15907444,-81.10415016,0.017288001,-1.694367681,7096372182,1414983512,-0.227631556,-1543.128072,0.00460754
17331733373,6423499221,0.349088151,3283.180638,1.02E+11,40200720987,0.272803377,6233.152477,0.521627895,0.094558295,0.4299898,5.01E-09,40.96599279,-88.98569182,0.020061417,-7.16486785,16747325866,3333604312,-0.202849529,-2611.983239,0.032256397
21350155102,8836769226,0.208029459,2730.327175,2.32E+11,87483903482,0.326603108,7247.876951,0.606425884,0.031902914,0.506680068,1.99E-09,58.90980517,-37.51191509,0.036577348,-5.360449387,20550852749,4506254903,-0.157229691,-6798.831758,0.013297081
7110904209,2747354163,0.294136793,2738.330151,1.58E+11,61219352795,0.288697251,6543.231824,0.404873846,0.038677406,0.46989756,1.13E-09,21.28432093,-19.49123896,0.026559518,-4.089031574,7447579020,1541152842,-0.276582003,-3801.612157,0.002241503
24075159427,9819537937,0.225880463,2573.914592,40299609285,15618502696,0.290123966,7378.500869,0.70149031,0.052383718,0.430675306,7.11E-09,32.02585596,-62.58841747,0.03083301,-2.599358246,16091970707,3446493251,-0.112144291,-2960.490948,0.013689804
25829073721,9896015930,0.305023855,3394.660791,1.81E+11,67611165172,0.341575983,7872.72596,0.40781853,0.095575605,0.516224221,6.52E-09,18.23110191,-63.96942949,0.033123621,-2.56230133,25010546861,5107056993,-0.274532964,-11975.20486,0.007398161
9803245668,3965003683,0.236221508,2574.144187,79398611984,31141261039,0.274813693,7294.675057,0.210360756,0.035956427,0.496070099,1.20E-09,6.899387649,-75.7044967,0.028118325,-7.922207689,9262820728,1999059391,-0.444505054,-7404.516697,0.005455186
19027595003,7277370390,0.307312531,3005.625132,1.85E+11,72703882924,0.274925184,7210.398933,0.715292787,0.027804219,0.429439373,7.44E-09,26.94883426,-81.6937692,0.01700322,-5.215161632,19019226944,3901320913,-0.106052498,-1000.230638,0.016665929
8292840184,3093573946,0.340333273,2849.211047,1.91E+11,71873424108,0.331564248,6203.894661,0.769412345,0.071471991,0.413646193,8.48E-09,41.39037194,-59.38254463,0.020456604,-2.21256614,8987232259,1786665080,-0.083149076,-759.7187338,0.013543378
10875339122,4144319007,0.312077944,3234.435695,1.98E+11,75001936371,0.323123724,7121.959742,0.67530775,0.01461582,0.524358651,7.02E-09,69.08399204,-38.08468245,0.035491003,-6.417360579,11427502918,2327510964,-0.123999805,-4097.184516,0.056820831
20231253659,7559714872,0.338096344,2808.70155,1.21E+11,47484213384,0.270074548,7618.799699,0.265835268,0.0292419,0.423665933,6.19E-09,41.67647103,-54.52525274,0.034186068,-3.427164374,19430934685,3902158702,-0.388580755,-14475.45678,0.026285013
25772328422,9981107391,0.291055562,3940.896033,1.96E+11,76818007924,0.273088478,7573.947754,0.272026882,0.097202762,0.505018328,6.46E-09,10.63050907,-20.3217408,0.023478728,-6.572964887,24847371790,5162663257,-0.382825016,-9010.319941,0.01895125
8770548142,3585314502,0.223121171,2804.235858,2.13E+11,88337557312,0.205424183,6847.688429,0.292096773,0.096732146,0.408611928,3.99E-09,33.1361667,-9.545297475,0.028933602,-3.642625318,8862169994,1938307044,-0.364746629,-6567.901869,0.011809225
24739787529,9233332455,0.339699813,3810.046566,1.65E+11,63838928462,0.291497746,6198.024706,0.212603132,0.013549552,0.414583818,8.08E-09,40.01429457,-20.20014067,0.009955415,-0.154792278,24209868087,4840771900,-0.442074178,-1815.633923,0.003962149
21456028106,8832809378,0.2145642,3840.188712,1.10E+11,41923612153,0.317384072,6087.802551,0.212442314,0.026486592,0.462379238,1.46E-09,17.92128664,-81.29456691,0.025665067,-6.470024463,19010519780,4127590802,-0.442247984,-10739.32475,0.005693788
13070943907,5249592559,0.244948419,3774.027585,47246694218,18070974056,0.307253667,7772.244944,0.296256904,0.031116717,0.415958448,5.08E-09,62.17124953,-58.90671823,0.012656301,-6.769459374,10979041504,2336483543,-0.361104563,-1606.513506,0.028843485
23810792582,9750102527,0.221053446,2646.490308,1.93E+11,74480575962,0.297529528,6620.306265,0.369963179,0.070064516,0.400831583,8.47E-09,60.72853098,-62.16972388,0.037055299,-5.084164948,22390723100,4870634713,-0.30175769,-13761.99042,0.07388703
20226375305,7515581245,0.345629476,2918.685569,2.12E+11,84986284090,0.24662173,6307.569011,0.615633415,0.014952685,0.487543703,8.24E-09,51.11434232,-9.061399186,0.016996295,-8.854813263,20847835041,4153570202,-0.152604677,-1483.725526,0.06935186
23896741427,9663551780,0.236436766,2151.140401,62594288972,25845002591,0.210955363,6562.125129,0.583734618,0.017797104,0.531834522,9.52E-09,23.94900791,-27.84896724,0.036114824,-8.812356134,18257398239,3972692444,-0.168887644,-5956.288812,0.087880064
22725291953,8904757894,0.276019642,2570.767224,83555200684,31217882154,0.338258634,6101.903759,0.549198284,0.073964247,0.423300722,6.68E-09,5.337160138,-15.41447094,0.028109941,-9.393792793,19512165882,4051328847,-0.187382787,-4524.667916,0.041862022
17362718192,7222440728,0.20199797,2539.492531,39457784598,16350688492,0.20660927,6581.365029,0.460383024,0.025101285,0.545696256,6.51E-09,51.44252458,-87.23479063,0.023326977,-7.781412709,12577617298,2788393166,-0.239712853,-3180.782219,0.049544491
8109379375,3159076854,0.283504604,2225.138524,1.13E+11,42361842148,0.333756599,6313.898568,0.454360809,0.038169189,0.476625932,9.89E-09,25.38400773,-76.55067217,0.015299109,-2.023643444,8246309048,1716187045,-0.243542448,-1053.581912,0.003759089
11083391770,4224152881,0.311907036,3722.163322,1.44E+11,57377730848,0.258958206,6204.281526,0.58153148,0.036772907,0.428262817,6.68E-09,67.13891508,-69.07559655,0.018782874,-0.126992676,11375914135,2325731391,-0.17003981,-1684.296805,0.032015293
12716399811,4951520439,0.284090409,3928.663611,1.94E+11,75102153816,0.293163357,6003.801078,0.629790796,0.016220938,0.489090017,4.86E-09,60.77429653,-20.28434977,0.0296694,-6.359844471,12987395917,2708054218,-0.145607631,-3950.373634,0.038026588
9696883067,3855149211,0.257653405,3837.495567,1.17E+11,48018953975,0.219675038,6897.312855,0.218978977,0.070065197,0.420504219,6.11E-09,43.53237489,-23.60664962,0.034624442,-7.225996704,9578080294,2044870377,-0.435248364,-13649.56876,0.085006393
7271861687,2937240389,0.237873092,2851.563204,1.54E+11,62219637507,0.239604006,7644.95772,0.250159407,0.081856557,0.476892233,1.43E-09,57.52347033,-42.37828782,0.012394053,-3.85075731,7361289012,1591800916,-0.40355736,-1225.472081,0.003045887
11399096327,4729974413,0.204984988,2277.010393,1.99E+11,78525725810,0.269729688,6967.072591,0.397662524,0.078131151,0.461372891,3.28E-09,50.85761593,-52.46211532,0.02314768,-5.084757014,11275231395,2490459883,-0.281647282,-3299.277105,0.013854412
9602539988,3563565781,0.347321837,3588.461275,2.51E+11,93244242636,0.345465895,6032.120618,0.234796739,0.020482953,0.454775711,2.41E-09,67.68339775,-30.18843852,0.023995568,-3.159490838,10516757827,2076778485,-0.418836378,-6392.262011,0.006474829
11682962057,4642531284,0.258253455,3614.117562,1.52E+11,56462694090,0.346981858,6400.110976,0.220641382,0.078807338,0.473258186,9.57E-09,31.18718139,-1.386109666,0.033966218,-8.17764672,11672868725,2472505553,-0.433489096,-14015.72402,0.109311105
15297879735,6033114313,0.267826113,3547.694085,85829076123,35429081448,0.211280008,6512.641946,0.279784268,0.068639719,0.536766366,7.69E-09,10.57880709,-15.72459671,0.025397429,-2.709724318,13925527451,2962099308,-0.375734953,-7350.096708,0.006978573
11726095087,4782905688,0.225833819,3964.056707,34253228476,14162591863,0.209285306,6932.790108,0.580192887,0.033603022,0.47511712,7.20E-09,35.69593801,-62.6875906,0.005486728,-3.847318213,9187280611,2010540284,-0.170741641,-133.8390442,0.00616496
9513603805,3933604652,0.209273001,2874.351356,31976426464,12106202272,0.320662985,6757.109461,0.572414479,0.03645283,0.505425896,9.59E-09,13.02432741,-50.20838147,0.015329687,-1.009432933,7778069491,1683628515,-0.17484697,-838.2692683,0.002606675
14089461238,5491243993,0.282902495,2918.98368,2.41E+11,98587976858,0.224769848,7841.679437,0.400391969,0.09888773,0.521296004,7.30E-09,67.78951495,-52.10705909,0.0093988,-1.189714559,14445377346,3023852884,-0.279722127,-692.3170209,0.00401446
7672554138,3172161304,0.209357502,3056.820236,2.03E+11,79064281786,0.285402891,7435.011669,0.586570152,0.093481645,0.422122253,9.88E-09,26.74602008,-72.09627615,0.016723465,-3.477908409,7743465744,1705981875,-0.167410127,-982.8560978,0.013243208
15377216332,6340495993,0.212619356,3311.604702,2.05E+11,84538197670,0.210981592,7654.219959,0.710485254,0.078739399,0.530626371,3.03E-09,33.34971035,-65.55188607,0.008154374,-8.904294062,14979467744,3299661031,-0.108162269,-218.5634541,0.008544157
8022786341,3171449725,0.264845266,3906.074775,1.67E+11,67402271430,0.241922015,6905.674772,0.544402562,0.084487803,0.45153363,8.90E-09,44.1826189,-27.52625002,0.026796311,-5.169238347,8228723305,1744590010,-0.19002676,-3337.754052,0.047978307
21697658551,8646132506,0.254760931,2282.25074,70123782257,28213354951,0.242740936,6685.002405,0.313148802,0.097513307,0.485626086,8.59E-09,10.48243109,-1.378073675,0.025503865,-0.814390941,17693824015,3785919196,-0.346664175,-6182.534251,0.002779359
10979985361,4074599788,0.347369795,2556.03548,2.36E+11,89939030555,0.313149238,6311.426567,0.528729398,0.077086545,0.503283332,8.75E-09,8.698056174,-70.78089125,0.037176472,-6.968688174,11918437548,2356552244,-0.198803016,-6543.430164,0.038693893
20664197559,8118296450,0.272692965,3261.702722,32663453978,12218594376,0.336628951,6534.958179,0.603812597,0.050231058,0.462356747,2.80E-09,24.81005526,-57.52525315,0.029453868,-0.565056454,13900418948,2866137764,-0.158553272,-3996.217029,0.001842025
25125819180,9402059469,0.336186995,2854.8203,1.89E+11,74917568722,0.263803533,6308.368439,0.229480661,0.08530274,0.533850233,3.97E-09,54.16855218,-89.05640853,0.024074947,-8.933725398,24866439396,4996568118,-0.424271984,-8939.727291,0.053818037
25296993885,9736828031,0.299036699,3261.847185,1.40E+11,58155824004,0.203254521,6300.737867,0.723232805,0.014913785,0.490026264,6.76E-09,31.56823701,-16.2820187,0.028337131,-6.405528105,23339643055,4864069990,-0.10259582,-3101.511285,0.040038588
19366792818,7938899571,0.219740384,3140.895657,2.29E+11,94915240568,0.206815102,6976.799512,0.571030623,0.074424525,0.408736603,7.26E-09,66.66604245,-32.56769576,0.021068116,-2.274870575,18754712396,4112897003,-0.175582234,-2580.875052,0.013370524
14378573325,5914240579,0.215589147,2752.869668,1.95E+11,72360632420,0.345306812,6361.476806,0.392971772,0.099003948,0.519337009,3.39E-09,55.60702298,-49.34967446,0.033942704,-7.908271309,14116466948,3080889415,-0.284978816,-8831.090226,0.048125624
23466861973,9379446684,0.250972619,2193.636788,51011420529,20445095360,0.247522196,7031.738862,0.581404679,0.047921498,0.504537839,6.58E-09,47.25808506,-74.05794582,0.030464738,-0.877076237,17143368926,3673893901,-0.170106235,-4177.328346,0.003360515
23438108383,9407466277,0.245718438,3742.403369,2.44E+11,95642204288,0.276386932,6164.548998,0.468332695,0.05598415,0.42873658,4.04E-09,48.53154129,-14.26138403,0.03445134,-2.45814383,22793355663,4889998234,-0.234716809,-11101.68491,0.013348803
5124213748,2022002008,0.267113912,2907.752282,55626414693,21713101496,0.280941249,6316.630567,0.355335342,0.039849532,0.442897403,9.63E-09,24.67695448,-36.64627619,0.032851574,-2.572356563,5055969306,1068163217,-0.312823317,-5585.28621,0.019426114
25090918121,9406550853,0.333693854,2342.608326,1.98E+11,74691012069,0.324726344,7871.958579,0.383921189,0.018461406,0.487754461,3.35E-09,24.77032302,-8.941396488,0.011891373,-6.802433504,25039072228,5010709191,-0.291490738,-1362.074143,0.00665276
10181104768,4214024296,0.208002619,2357.08254,2.03E+11,84249900680,0.207556922,7202.899155,0.672798295,0.055870998,0.44235123,5.66E-09,15.64146139,-24.05214588,0.017079616,-0.281151918,10134325207,2239534269,-0.125157373,-769.9287126,0.001036975
8744565584,3513197531,0.244530874,2979.451728,61190189572,24135476094,0.267639995,6583.7817,0.429691456,0.04047056,0.510841507,3.15E-10,39.51279469,-14.34683392,0.008387265,-8.893349841,8150583997,1749919193,-0.259650861,-388.3703646,0.001394892
23308313304,9568003484,0.218034324,2715.203346,1.31E+11,49170980420,0.329084607,7226.895973,0.228954648,0.024299265,0.44572869,7.77E-09,4.533963066,-60.56093533,0.011780914,-5.485697228,20970583222,4540833161,-0.424814149,-1919.625075,0.010367623
10205565603,4135833857,0.233797821,2209.889753,49149449336,18624593025,0.319477136,7208.85416,0.43985552,0.02606296,0.546382871,7.81E-09,53.93304194,-34.10228289,0.015404728,-0.914994797,9017199303,1933188928,-0.252930219,-1156.066971,0.004354457
13117648780,5351378925,0.225632586,3975.709974,1.77E+11,71404528812,0.241785919,6314.290714,0.469814755,0.069120717,0.414522568,5.84E-09,8.769016382,-48.84881293,0.037651352,-4.732212413,12876405704,2807448725,-0.233792731,-10231.74888,0.015511757
10899853509,4226953440,0.289327368,2666.34285,1.06E+11,41254659828,0.29003046,6263.883575,0.230539147,0.015591559,0.40402285,1.77E-09,33.8583807,-12.7362405,0.021339836,-3.61101945,10791080984,2241373823,-0.423183377,-4460.199564,0.004185658
18733737849,7755027942,0.207844639,2438.556242,2.10E+11,83484952643,0.257275888,6336.380311,0.4454029,0.055110855,0.409123752,7.84E-09,38.69363844,-30.91511224,0.028208661,-7.55686043,18010906477,3968716435,-0.249312215,-5672.777191,0.068470407
12237822829,4555932405,0.343064574,3539.715972,2.51E+11,97601654779,0.286705886,7061.214459,0.230706994,0.017789871,0.408460213,1.87E-09,11.72803648,-24.49712556,0.027387555,-1.534970279,13201178385,2623010039,-0.423011044,-9358.404795,0.00173668
25160489360,9480912268,0.326902341,3595.331654,74933415526,28590481351,0.310460894,7218.789986,0.533915393,0.046592231,0.429293189,2.53E-10,31.83240936,-26.35289737,0.011934587,-9.225081465,21027660300,4245120478,-0.195875827,-1046.679242,0.00144896
24110568003,9344749935,0.290059561,2878.055792,1.91E+11,71823730482,0.327940315,6899.420719,0.653070232,0.08569909,0.510567896,8.13E-09,62.97345195,-82.67160841,0.020121544,-9.565996832,23438638740,4848152899,-0.134392149,-1928.258914,0.095202018
17371762567,7057996708,0.230643998,2595.556981,1.55E+11,62783038282,0.236918643,7260.618222,0.497445503,0.042455796,0.440685771,8.36E-09,58.89650749,-4.196686772,0.027949295,-9.212920542,16507216829,3587183230,-0.216971193,-4786.841661,0.122822266
12536654001,4697410647,0.334421764,3317.893741,74423379661,29777599854,0.249653767,6283.317421,0.403859823,0.098294109,0.485906757,2.24E-09,40.42752954,-45.8759777,0.03733279,-5.767690013,11984027931,2419231962,-0.27729018,-10514.80136,0.017623318
7043235989,2690671799,0.308824806,3052.319755,1.95E+11,73447963547,0.326852182,6724.786831,0.446893713,0.089690723,0.52370556,4.52E-09,16.25812452,-86.3483991,0.030264182,-6.812546135,7517574367,1535360730,-0.248345815,-4701.33983,0.016828494
10606890557,4332161068,0.224203162,2888.544455,2.23E+11,87776123428,0.272552857,6517.028761,0.549802053,0.054280327,0.430158533,5.50E-09,41.5540914,-24.03326302,0.031181415,-8.323246413,10674294489,2327799253,-0.187051266,-4357.26971,0.06457925
8869541723,3349262138,0.324103841,3491.69046,2.11E+11,84126654344,0.251660673,7905.518535,0.345009276,0.07878881,0.407092092,7.84E-09,56.95980118,-86.32210412,0.033231841,-1.797142053,9492174117,1918796714,-0.320833035,-8801.195257,0.019552052
18498020463,7138020585,0.295738801,2958.093013,63296820264,24700336025,0.28129472,7605.17346,0.33090667,0.046082584,0.432806579,8.74E-09,44.48748393,-31.28387778,0.027316065,-4.447842329,15654307973,3243167877,-0.332051474,-7274.741541,0.038794846
13798388638,5597356315,0.23258087,2424.893856,86093759228,33141297447,0.29888939,6054.280964,0.216317429,0.097088474,0.41748345,5.65E-09,13.50697728,-0.004866297,0.028790105,-9.80776302,12637507920,2724137590,-0.438082474,-8673.063138,0.047726692
18140321617,7053565192,0.285897353,2987.882669,2.21E+11,83885473832,0.31879929,6828.397723,0.504512718,0.032348752,0.540522673,8.28E-09,51.5348081,-15.08999379,0.026018528,-8.202467126,18288128329,3801502931,-0.212788181,-4594.438007,0.087607113
13797884432,5264691449,0.310417198,2702.197699,28733841480,11303998747,0.270959159,6474.069953,0.758597158,0.018774788,0.515112853,4.15E-09,50.62395527,-3.760282009,0.018415674,-8.985635399,10231401913,2110214127,-0.087605928,-674.0435076,0.035857537
11066448455,4309213877,0.284044929,2546.048648,2.55E+11,99965889370,0.274508269,6938.356818,0.384964197,0.072221573,0.458437435,9.50E-09,7.849244986,-24.07832765,0.017906651,-7.116228988,11533854925,2406930826,-0.29073457,-2179.711585,0.023354665
12318567774,5013495193,0.228540898,3981.926232,2.50E+11,99654621489,0.255952723,7674.313527,0.573495027,0.02121419,0.529190398,2.35E-09,62.04814964,-64.92348514,0.023750109,-2.047148202,12395969815,2696587540,-0.174273891,-2979.912033,0.003489361
17472873970,7132957579,0.224798674,3128.090432,65715764437,26860724022,0.223268673,7631.775774,0.652243787,0.040374574,0.514535466,1.43E-09,1.002759115,-32.10320892,0.023444494,-0.492812482,14535327461,3174409904,-0.134784315,-2155.391611,0.000325475
11950474002,4799454556,0.244982514,3314.418762,44152192586,18117990073,0.218462766,7876.835862,0.44207995,0.019529997,0.432142122,8.80E-09,8.142094431,-37.95348472,0.022717011,-4.064497354,9977592105,2155172718,-0.25147526,-3220.084255,0.012928778
8384496791,3390254934,0.236558453,3473.58238,1.47E+11,54677208169,0.346706703,7667.220521,0.495123429,0.037962913,0.516574319,2.65E-09,29.7697579,-86.52454287,0.007001015,-5.780557607,8434005669,1816901827,-0.218355962,-249.9458344,0.002558927
14346217599,5590656550,0.283053025,2064.965351,1.08E+11,43124511621,0.246786024,7171.894891,0.58757635,0.033431944,0.434564164,2.30E-09,64.8511299,-48.68089986,0.006405895,-9.348789669,13726248102,2875506858,-0.166887272,-157.3142793,0.011432389
15706582301,6121726689,0.282855565,2179.832813,68584388418,25452773430,0.347287136,6905.418229,0.703881157,0.04649241,0.420287399,5.41E-09,16.00520895,-69.73822731,0.026559244,-5.210339362,14006437161,2894921233,-0.111081433,-1868.105323,0.011813661
14551916580,5722000562,0.271575948,2543.710943,45671878451,18987711402,0.202669387,7908.432058,0.302309645,0.034950454,0.436013158,4.30E-10,48.26926774,-81.36176688,0.028736111,-5.232223341,11813749163,2520644333,-0.355867067,-6950.636403,0.002582107
14248891490,5831596776,0.22169725,2785.219649,2.30E+11,94285876223,0.222338785,7058.69824,0.679278667,0.092226565,0.539971522,3.42E-09,26.79622272,-34.30137349,0.027283659,-7.184470576,14113233661,3088358267,-0.122175825,-2460.291461,0.016327987
19277934771,7985303871,0.207088364,2306.471028,37948335826,14496857482,0.308846965,7343.848088,0.416895751,0.093202619,0.478359173,6.93E-09,46.61249756,-53.06810658,0.0272154,-3.155357591,13607995045,2930978911,-0.268285592,-4803.423988,0.017620404
23857188018,9138755968,0.305275472,2491.809455,1.54E+11,59262476852,0.300058142,7260.499802,0.588183001,0.07774513,0.475024334,9.44E-09,24.27400358,-73.49142819,0.008533371,-0.022632909,22771140134,4670089897,-0.166572399,-394.2277218,0.000932698
17642781045,7291758524,0.20977546,2252.381756,92354248645,34654296505,0.332507913,7115.898781,0.659393123,0.036125806,0.456645821,5.72E-09,37.02880359,-47.84014368,0.015524987,-1.774891707,15669837956,3405631267,-0.13140606,-811.865718,0.004298689
17362547699,6875899109,0.262565624,2929.908521,2.29E+11,91697016165,0.249814242,7565.843074,0.427830473,0.05327448,0.527358611,9.47E-09,48.68650224,-88.64269292,0.017830727,-7.590845197,17326474414,3679564430,-0.260894466,-2549.987935,0.058651846
20591591602,7731094873,0.331738385,3240.337815,1.52E+11,56539823803,0.341757119,6601.179655,0.645661838,0.024845876,0.487846014,5.92E-10,31.65205069,-67.22706468,0.037238282,-0.655476975,20391460890,4079722602,-0.137923153,-6707.934522,0.000512253
19942055774,8268582739,0.205893223,2115.618358,1.39E+11,52874822486,0.314164527,7946.279929,0.298543357,0.019510844,0.527695617,9.81E-09,35.77525891,-11.92945357,0.023525981,-6.878265077,18346945584,4018286839,-0.359117592,-5343.007395,0.047615185
22865554337,8956421874,0.276489354,2993.457383,1.10E+11,44136515583,0.248010227,6509.322418,0.471721604,0.046177357,0.476182217,6.21E-09,61.40997983,-31.60473382,0.012796921,-7.739114327,20445919309,4307972895,-0.232607144,-1285.810306,0.035656324
11482273800,4400272446,0.304723053,3758.251964,2.28E+11,92895843923,0.229662357,6382.335788,0.277534195,0.079853585,0.48335051,6.70E-09,31.60563726,-44.59409205,0.023785036,-4.732342443,12026444332,2473266514,-0.377777855,-6199.529368,0.021369758
9377659836,3520367271,0.331914984,2087.537714,49123691956,19356201112,0.268939387,7386.974679,0.323464457,0.034906203,0.403784137,4.15E-09,58.68837252,-27.65743738,0.023646323,-9.679079027,8789436034,1775346939,-0.33810751,-3494.079481,0.065331914
10268244156,3914156559,0.311680307,2345.156644,1.74E+11,68329123282,0.270397984,6455.921918,0.66348582,0.027289659,0.492859546,9.10E-09,66.76412528,-59.99418573,0.007710273,-0.951992017,10722040447,2189862909,-0.12948655,-166.5489175,0.003784214
12057809304,4650252602,0.296468207,3987.790114,2.56E+11,98120747540,0.306002866,6460.192252,0.316846127,0.04294871,0.413258321,8.56E-09,48.86566631,-58.79550277,0.013542109,-6.883159135,12629305928,2606913183,-0.343575167,-1929.315878,0.05213623
7428612384,3011424157,0.233405193,3593.464407,2.48E+11,98340605615,0.258787624,6404.900455,0.367044282,0.061430029,0.528537088,3.39E-10,7.131890515,-16.29033649,0.010111682,-2.829766969,7630692439,1654706040,-0.30394022,-702.144806,0.000107104
7203917886,2835869226,0.270142822,3732.447187,1.99E+11,74221507143,0.343269027,7010.148877,0.694225862,0.013611335,0.501274478,6.89E-09,42.16950379,-66.09243221,0.017742319,-1.570455782,7512737102,1581494459,-0.115393682,-829.9497164,0.007551915
23205279181,9561330473,0.213496346,2072.628692,39371382757,15017026943,0.310891394,7939.639326,0.598563464,0.072908524,0.477942079,1.75E-09,37.7807224,-86.69743942,0.019188888,-2.648819321,15607040556,3340835457,-0.161226643,-1456.83549,0.001288113
23392200228,9650902882,0.211917709,2178.652437,48854579143,20091400676,0.215808194,6360.751635,0.423154408,0.072068226,0.477194887,1.32E-09,43.26685781,-62.86155173,0.019624934,-1.530152033,16571362731,3648570815,-0.26403747,-2636.380679,0.001065743
7206980901,2683755375,0.342704512,2970.470623,1.31E+11,50359516022,0.301393587,7616.908141,0.749356978,0.079097179,0.415691375,9.25E-09,43.75932305,-3.60724028,0.033739568,-0.803406184,7728312693,1535489485,-0.091460125,-2152.379454,0.015686828
13350127745,5002593232,0.334320734,2760.852441,2.11E+11,85747248112,0.23292429,7654.410877,0.769166068,0.090803589,0.479920245,3.18E-09,42.146547,-62.43983867,0.028607539,-0.99090606,14083255913,2828285286,-0.083249922,-1833.036059,0.003556444
6723538108,2596735200,0.294613734,3635.02396,59820316580,22982386118,0.301438334,7825.005449,0.273292383,0.021615948,0.519918973,9.05E-09,2.802542472,-52.68250722,0.00524651,-4.929592091,6621660685,1368645167,-0.381659291,-222.3857356,0.003328727
12165499812,4803440785,0.266331819,3014.331005,1.14E+11,45792380368,0.240854085,7121.010241,0.568409847,0.095905642,0.437034589,9.47E-09,36.72966083,-30.24749851,0.02213799,-4.019149481,11812229480,2504145351,-0.176978777,-2233.119851,0.023402833
11597270737,4398439436,0.318339255,2224.728557,1.19E+11,49219944907,0.20650276,7771.062998,0.52804566,0.069979171,0.544891594,3.28E-09,62.55890992,-39.99430968,0.005416679,-7.006122136,11689117141,2387947640,-0.199190689,-128.5931025,0.007542432
25115749727,9412602033,0.33415551,3618.45354,2.33E+11,91528672955,0.270244811,7015.462736,0.33250413,0.092759598,0.514183095,3.50E-09,14.34877598,-1.454427702,0.025180339,-5.19390543,25408875898,5105199319,-0.330764004,-8676.581746,0.007374622
18758683166,7324738308,0.280501936,2263.969526,2.38E+11,95909405701,0.241208289,6874.651297,0.359384837,0.045243504,0.50053196,6.25E-09,64.5425109,-83.5125412,0.03525995,-2.267424399,18843029089,3951160461,-0.309727624,-10851.93105,0.011562329
20557460516,8386202393,0.225671618,3407.639343,87320088049,32537410276,0.341841396,7847.323731,0.242891286,0.065548311,0.4367149,5.95E-09,15.11199768,-76.74753272,0.013670496,-0.940711135,17768085888,3808962209,-0.410708482,-2576.928601,0.001351366
6443763862,2507811711,0.284738371,2439.559909,85351859595,33465580192,0.275218584,7694.388829,0.478643593,0.072751883,0.408334376,9.83E-09,66.31917459,-16.0906757,0.014606299,-0.071771206,6517397239,1359607410,-0.228334749,-838.104641,0.003287291
5592518181,2307464096,0.211832113,3443.950131,1.70E+11,68006334331,0.253220517,7783.818669,0.325778917,0.049924972,0.526892522,3.47E-10,2.836000965,-50.40108313,0.038546295,-0.532013646,5672886208,1249008712,-0.336213807,-9527.179144,0.000162103
7723675856,2909929527,0.327124211,3966.702879,75510591750,28162917703,0.340603139,7234.925912,0.797828722,0.086973534,0.486871943,5.93E-09,27.57432454,-9.838245045,0.017927089,-7.914379067,7853977311,1577768191,-0.071708814,-555.0150852,0.031268033
12578495405,5194595118,0.210729144,2098.262721,35437120431,13570491488,0.305668275,7248.685216,0.319690712,0.020636121,0.447395704,6.77E-10,13.5024058,-12.87380077,0.029556716,-5.73406586,9847094223,2130820962,-0.341215527,-5846.260637,0.002088389
20410060681,7581135647,0.346108395,2894.507898,1.29E+11,48508356406,0.324563756,6120.474358,0.536080691,0.031284624,0.440584564,5.80E-09,24.40684005,-63.50841014,0.028469979,-5.158630397,19964745823,3957293742,-0.194660507,-5175.167797,0.019258975
25095185877,9848738088,0.274030523,2756.357481,59176072261,23150882302,0.278052203,7941.395065,0.361285522,0.045131413,0.516426055,7.56E-09,33.6297791,-78.47399703,0.029946,-2.810663554,19066433101,4005974694,-0.308283253,-8647.351705,0.012518562
23285104099,9561108905,0.217698926,2459.135238,2.28E+11,90909790513,0.254720762,7600.535387,0.329935019,0.035418045,0.4635377,4.03E-09,59.41138374,-78.35519896,0.022264523,-1.636605246,22217488917,4863589261,-0.332836706,-5261.986627,0.003455356
15555237406,5771782433,0.347524581,2805.731831,50398319299,20773915319,0.213019273,6700.927358,0.616851168,0.068215924,0.454792393,3.31E-09,11.74606751,-55.63682879,0.023714192,-2.462152485,13251276083,2685841028,-0.151997424,-2248.836504,0.002802054
23756151313,9877651002,0.202520281,3529.720126,2.27E+11,87076269144,0.304952026,7860.290191,0.585320593,0.074575543,0.444176652,9.59E-09,27.36905569,-37.67547407,0.019460305,-4.258932781,22543383893,4964241195,-0.168060495,-2449.613969,0.018973483
19609658027,8149710846,0.203089189,3949.585749,2.08E+11,80339707238,0.294975183,6882.681278,0.548797961,0.027796739,0.42375096,5.13E-09,11.18583346,-51.08394425,0.034832135,-8.624664884,18768859808,4137182891,-0.187602764,-8455.653746,0.038602591
15228211722,5703957999,0.334881123,2731.014621,2.09E+11,79614859125,0.309432317,7166.766965,0.656783931,0.098732356,0.426932488,2.83E-09,59.71106453,-71.93943712,0.005918209,-5.669102578,15964188299,3193278941,-0.132635247,-132.3512624,0.005981795
6549793961,2548239556,0.285160562,2226.341619,2.22E+11,85884801421,0.29529425,6038.672547,0.613331107,0.081125581,0.411276337,3.46E-09,46.21463793,-49.13756986,0.007299079,-9.130802592,6926932297,1443419292,-0.153755575,-138.7990319,0.015702019
19842168929,7629763559,0.300313488,3947.471694,90548569014,36663698890,0.234853162,7655.732771,0.620374342,0.037238286,0.496158991,7.83E-09,10.06709867,-76.44222143,0.038845201,-5.399052566,17766059281,3691197375,-0.150246303,-8191.937961,0.025150112
17838100574,7018528845,0.270786298,3705.032072,27867371863,10575767940,0.317510559,7108.600922,0.583306954,0.086308581,0.493512027,7.14E-09,4.260927513,-87.67228293,0.005141116,-2.989239549,11874249915,2466289070,-0.169111011,-127.9200854,0.000686286
15872097462,6184511104,0.283213596,2239.117515,2.18E+11,87595526130,0.243419458,7173.021196,0.491236841,0.073256611,0.436583715,9.10E-09,4.593905825,-47.10805136,0.008674423,-5.633220587,16059425175,3359675027,-0.220685344,-429.6464243,0.007507182
18501158586,7029438341,0.315977016,3436.613193,2.31E+11,91046357439,0.267711038,6011.889929,0.660926839,0.062188768,0.492183357,1.82E-09,4.636148126,-74.69431203,0.025051138,-0.583106435,18984090098,3867070721,-0.130685514,-2858.219848,0.000387029
5233148175,2115302489,0.236973956,2231.539208,1.68E+11,65503266137,0.280052304,6850.867707,0.665221538,0.09105259,0.500630312,3.29E-09,28.6987761,-25.15986674,0.02148264,-8.106558235,5380563997,1163169018,-0.128675618,-887.8524239,0.01547913
18080295408,7312697202,0.236226177,3006.432583,28228463909,11176090894,0.262895237,7663.543086,0.366535884,0.058927598,0.507817555,3.64E-09,17.43618366,-28.87760828,0.039142814,-1.611329385,11737185282,2521281011,-0.304321645,-11950.81983,0.004497082
12573646065,5027861046,0.250397132,2606.605982,56757389762,22391167428,0.267405774,6719.529117,0.625805224,0.028944609,0.453232655,1.60E-10,17.83305137,-37.05475763,0.013318265,-3.241159403,11000627264,2350949699,-0.147563644,-604.7476245,0.000123207
16180735699,6310389423,0.282071091,3748.039869,1.83E+11,70666915060,0.291907239,6015.959119,0.377535577,0.094310181,0.411622867,4.10E-09,21.2721113,-52.87111147,0.005786462,-2.393899797,16156459622,3373714270,-0.296153344,-332.9438781,0.002484533
8972902924,3356656348,0.336583492,2296.3096,2.50E+11,98367404407,0.26986029,7672.315061,0.283866005,0.02034925,0.460425997,9.09E-10,2.589079394,-60.11743389,0.006101947,-9.758120482,9753021906,1948762625,-0.372056866,-282.8681591,0.001635121
6326689059,2357227549,0.341976735,3674.829964,2.50E+11,98090552299,0.275571156,6096.45409,0.530159384,0.062137181,0.529993077,2.30E-09,20.49641568,-15.80982707,0.007461121,-4.450160418,6979909599,1387042377,-0.197993545,-240.8550735,0.00140888
21550548053,8035067015,0.341031009,3115.118555,44354633253,17122994129,0.295177494,7692.238247,0.542473323,0.028863071,0.519836221,4.93E-09,37.07491613,-84.54215523,0.033640945,-9.629263571,16237196084,3267659410,-0.19109579,-6636.411965,0.076292219
20163150092,7941969572,0.269404894,3930.720829,1.53E+11,59522745719,0.284883311,7713.381209,0.570834419,0.025069407,0.519284492,9.68E-09,35.06189786,-60.71373227,0.021227313,-4.247547816,19229687033,4053185843,-0.175686601,-2969.64083,0.024881577
7770862122,3174184625,0.22407217,3753.589448,2.56E+11,99978251077,0.281209701,7366.080947,0.244012165,0.097862743,0.445137268,3.58E-09,21.02474325,-42.77337255,0.005927287,-7.804770491,7947894805,1734055913,-0.409596738,-339.1336406,0.005788702
14416787634,5747597311,0.254157768,2112.840148,1.66E+11,63436916661,0.308845128,6083.100927,0.568678149,0.060618145,0.453241835,8.37E-09,14.17783423,-3.422278978,0.022609975,-2.342021761,14218575324,3026538151,-0.17683556,-2137.884234,0.006349987
5843107239,2251688344,0.297494668,2255.391557,2.56E+11,95189095512,0.345963664,7186.391528,0.568933566,0.024212566,0.536400384,2.58E-09,19.45394782,-5.61359406,0.026971449,-3.167492438,6272317713,1292861597,-0.176699272,-2086.033863,0.003404668
25747148900,9673930672,0.330749091,2847.827664,1.80E+11,71564848945,0.259196213,7764.959803,0.775862705,0.087146316,0.508720947,3.36E-09,23.68115718,-13.44487175,0.035768301,-6.757341877,25146993517,5079331310,-0.080518304,-3761.353774,0.019207829
19831521798,7898055595,0.255468613,2863.049866,24831190245,10035379767,0.23718239,7319.198661,0.714510334,0.019296275,0.501985975,6.91E-09,34.18811968,-13.76666083,0.039783961,-5.560469223,11745325358,2521804773,-0.106395006,-4213.444744,0.045309362
13918943841,5281343923,0.317746396,2285.993606,1.68E+11,64571997916,0.299939321,7483.314157,0.614582401,0.013722585,0.44770671,4.17E-09,5.523465398,-58.20971617,0.027928126,-4.647526286,14283330086,2899763555,-0.153129609,-2944.747377,0.007823424
15105899184,5766038239,0.309902793,3875.184249,2.36E+11,89991408903,0.311701629,7765.643338,0.65588488,0.020391555,0.450307853,1.54E-10,20.44214374,-51.29457639,0.021095008,-8.587045098,15707024008,3206432932,-0.133059778,-1993.206862,0.000945066
16559222236,6881398354,0.203187302,3789.093837,1.94E+11,78488330814,0.237832511,6551.954836,0.755518267,0.05039645,0.478934502,5.01E-09,44.0700161,-0.60170351,0.008554563,-1.299556341,15935893347,3526554468,-0.088885377,-218.0895916,0.003944249
24697883651,9234222715,0.33730171,2691.883878,79312351516,31527119306,0.257843299,7345.56042,0.310505759,0.0777954,0.502462855,2.10E-09,31.26505281,-89.0931659,0.028099356,-1.823843166,20985097340,4249581831,-0.348887813,-8933.368167,0.001755298
12922907310,5080271474,0.271871727,3587.23545,1.42E+11,53872362991,0.320420473,7936.75547,0.503576822,0.098414495,0.539998501,4.29E-09,37.55234085,-27.90132426,0.037225745,-6.01681505,12825503215,2692938482,-0.213339425,-8652.231182,0.031667943
11571759253,4780749367,0.210245336,2874.734946,1.63E+11,63524705433,0.285536294,7929.309846,0.718924986,0.064277482,0.404117492,4.61E-10,42.31302885,-83.20325091,0.024716968,-0.904611412,11335184775,2491554255,-0.104466957,-1571.938648,0.000263922
5730519861,2335158738,0.227008632,3746.691206,2.20E+11,86486671979,0.271717409,7714.996841,0.329711976,0.036211099,0.41449241,6.57E-09,26.13163745,-44.56530308,0.02098473,-9.894705982,5891991559,1283297254,-0.333017185,-2972.90788,0.066319967
24399062294,9798173471,0.245082176,3639.187769,85139531448,35410455539,0.202180686,6478.64123,0.676243941,0.095371112,0.486316683,1.68E-09,56.37436534,-0.199709351,0.022071244,-2.16204921,20084877632,4350143195,-0.123568928,-2220.510125,0.003097332
7990320760,3093244006,0.291576213,2745.925179,43179959131,16656392829,0.296197789,6209.907689,0.548606915,0.04313363,0.406817701,1.50E-09,11.10283861,-53.79511419,0.025667759,-5.883322064,7372535225,1527652085,-0.18770779,-2400.84443,0.004463176
16279237001,6741972017,0.207305293,2663.481933,94288349664,37749575598,0.248866354,7071.356865,0.41166288,0.084268781,0.483504205,8.98E-09,38.01535097,-8.177667244,0.038050494,-1.971540566,14548216748,3202164021,-0.27187449,-10572.35788,0.019800132
5121162864,2000957366,0.279678156,2953.531449,2.50E+11,98690806142,0.267227156,6456.986472,0.580402219,0.085177603,0.446368107,5.05E-09,30.79348795,-21.47934716,0.038825752,-4.521345392,5443457572,1139851886,-0.170631797,-4450.010081,0.02125101
5430949867,2160027241,0.257148466,3238.461116,35776921817,13567460583,0.318482615,7168.261271,0.797816411,0.094870482,0.512258851,5.49E-09,23.86490361,-17.38382988,0.029889817,-8.802307366,5074336918,1074341127,-0.071713688,-1120.625742,0.045524211
16816108971,6656822634,0.263073233,3774.655411,1.14E+11,44879685203,0.264576737,6888.994953,0.444064563,0.098460043,0.492869188,9.65E-09,21.1953955,-60.82491616,0.006117846,-6.171479256,15736999469,3337865658,-0.250181897,-311.3906958,0.01013448
24808655037,9402806890,0.319215386,3969.652304,2.21E+11,85466191073,0.293661326,7147.022568,0.368911995,0.038765308,0.433196168,1.90E-09,28.49438899,-20.83011753,0.031927794,-4.640209686,24793342998,5032242349,-0.302542243,-13201.42053,0.007926262
21354212550,8872092864,0.203448435,2144.15638,85067493837,33606303921,0.265647868,7479.786157,0.362047126,0.050669451,0.421790178,5.63E-09,66.04651568,-85.47629648,0.030761271,-9.219762511,17915798419,3935417967,-0.307706029,-7786.529316,0.101509524
16159480892,6132625943,0.31750094,3175.93929,1.18E+11,46580660215,0.269265356,6856.673446,0.427684234,0.061700942,0.40643288,3.84E-09,8.40083037,-82.92817456,0.017003529,-0.944900073,15750838396,3210192593,-0.260992364,-2302.750598,0.00054832
14133329769,5313127928,0.330038535,2750.784794,2.16E+11,89249969516,0.208235534,6801.725674,0.235529937,0.07180918,0.500756306,5.20E-09,16.78683417,-84.69368232,0.008125124,-9.516693993,14818458756,2990570706,-0.418092855,-760.353667,0.014832522
10910330220,4354766594,0.252688288,3064.456187,63290591554,26130188105,0.211062685,7763.249398,0.772370932,0.055746959,0.4498789,7.11E-09,5.17423662,-46.6732752,0.014946209,-1.960055876,9910787302,2129001936,-0.081939904,-435.2525947,0.002915717
12185851590,4763998355,0.27895212,2758.987232,76994179756,29013488940,0.326868684,7548.035848,0.344871408,0.010136087,0.40811637,2.10E-09,55.70625357,-12.36785294,0.027199455,-8.289546624,11457762873,2387041697,-0.320941124,-5760.014621,0.027930282
20286931475,8371453874,0.211673132,2044.352985,2.12E+11,83119876055,0.274583163,7869.922152,0.402298066,0.091089801,0.460343734,9.39E-09,23.69213348,-74.40562061,0.034198041,-1.439678626,19437137261,4266572160,-0.278383481,-8855.091687,0.004708777
6040540707,2413073912,0.251627784,2776.538649,83504332786,33986245405,0.228501881,6527.450937,0.39724082,0.056323744,0.40196295,1.24E-09,39.03846841,-68.64108215,0.025622,-2.206546995,6009026279,1287555611,-0.281945596,-3262.107989,0.001850562
9572406490,3738066370,0.28039547,2318.780952,2.25E+11,91241899911,0.232423572,7553.373427,0.664253549,0.073771926,0.430744471,6.88E-09,55.2622669,-10.58505318,0.024201464,-4.937252072,9954225472,2085951346,-0.129127636,-1567.794471,0.027819744
18266532305,7478207623,0.221317542,3751.915828,44729065936,16919906074,0.321788246,6637.357904,0.382353234,0.035138597,0.474331484,5.75E-09,21.75413592,-28.23192661,0.013179316,-1.332041761,13868611479,2967056104,-0.292630327,-1581.980648,0.003262565
9179452879,3429448421,0.338327881,3365.617086,2.52E+11,96232006697,0.308079063,6189.741462,0.503192846,0.091319908,0.412934786,2.75E-09,38.79398707,-79.33646743,0.025600687,-0.908577318,9993579984,1991587073,-0.213565825,-3502.522437,0.001975318
23412919911,9207164422,0.271451168,2347.257582,66243859493,25593635115,0.294147142,7071.383667,0.386595148,0.056378097,0.445986339,2.20E-09,15.84347653,-49.243177,0.012775493,-8.771011515,18742789167,3930956820,-0.28955516,-1352.499605,0.006773183
11137257866,4239262238,0.313584445,2559.36167,45723287842,17530789224,0.304085266,7727.297383,0.707915121,0.065596016,0.468284036,7.91E-09,13.09048072,-2.425032046,0.032318662,-8.924064492,9919879635,2022048626,-0.109295426,-2481.880213,0.056800392
8553491340,3178001615,0.345734266,3764.393576,2.49E+11,94013443043,0.324550898,7272.323116,0.324035556,0.064726107,0.408049222,5.63E-09,2.443779275,-69.43806588,0.0259955,-2.01661634,9387118842,1857500561,-0.337639358,-5852.159276,0.003247771
18231141527,6753412196,0.349772604,3677.427944,1.88E+11,76382520386,0.228492865,7987.717894,0.52414541,0.0170741,0.403730824,7.71E-10,6.585510512,-21.15685616,0.035503114,-0.790793422,18800193236,3737658513,-0.201409932,-9107.937745,0.000559291
17207377534,6518767019,0.319833757,3262.458411,57721073050,21897976887,0.31795447,7481.806253,0.316916602,0.09149665,0.489598637,9.29E-09,27.14703564,-68.96753512,0.023097099,-2.169379853,14761649246,2989038198,-0.34351653,-5487.259505,0.009501832
14468181176,5718684200,0.264992144,3187.207045,2.00E+11,76334850254,0.310462226,6013.035248,0.395358646,0.032097298,0.507433304,1.78E-09,35.33397578,-56.67237509,0.024567706,-4.952578669,14539056393,3071950435,-0.283279917,-5021.937357,0.006190869
6215064523,2547550607,0.219811788,3842.065741,2.51E+11,96858729736,0.293349623,7833.116567,0.418589251,0.028656818,0.478649515,5.65E-09,69.4335307,-4.070472945,0.008028591,-3.830247042,6378649183,1395859980,-0.267131389,-367.7929544,0.009065859
24153678985,9971600372,0.211123495,3300.16709,1.83E+11,71018042019,0.290919931,7365.930915,0.348453726,0.037911612,0.53781289,1.39E-09,47.94624519,-25.68997862,0.015221094,-1.154883196,22447487094,4914909001,-0.318142482,-2737.274196,0.001460842
23142800678,8689282159,0.331686568,2137.9787,66909634553,25418744608,0.316147504,7823.139108,0.454139524,0.079442122,0.501118924,7.48E-09,0.974038301,-88.60310871,0.035153701,-8.870153671,19264879289,3872348638,-0.243683914,-8338.863445,0.034102674
24136038249,9032952656,0.335999377,3148.679174,33993441757,13168864752,0.290674724,6799.957853,0.429015249,0.086776923,0.493702081,2.60E-09,33.61624607,-56.49285203,0.030313035,-8.133309361,15701974598,3184561474,-0.260102263,-7250.991015,0.024242413
21410010938,8542467505,0.253151442,2307.092672,1.68E+11,64920987496,0.292996164,7664.648608,0.452995282,0.082954906,0.405322981,6.50E-09,62.67242932,-66.51654712,0.026554642,-2.539222119,20342165011,4333065658,-0.244416271,-5094.42498,0.013828234
21550958031,8895466174,0.211345061,2343.683286,1.73E+11,69551853350,0.245909511,6258.909132,0.402756888,0.093485667,0.440174269,4.97E-09,42.14706242,-39.51790733,0.01868975,-8.687243452,20100459644,4419014644,-0.278061957,-2876.431702,0.039098363
21012857860,8284397568,0.268218823,3618.641847,35908877587,13632782659,0.317004697,6661.56081,0.798324507,0.093348868,0.514303098,7.32E-09,60.50269919,-24.46566237,0.032910447,-4.108320746,14447533488,3007578791,-0.071512591,-2416.42195,0.027565264
21058489498,8608054553,0.223185179,3271.432233,1.77E+11,70485037877,0.258488834,6499.246127,0.642524831,0.013392032,0.514773227,6.90E-09,68.00258236,-22.4502396,0.026823064,-3.518255869,19848573821,4326745754,-0.139428954,-3487.838752,0.016533763
9055403355,3403949391,0.330131902,3518.839201,2.34E+11,87565285967,0.33410495,6219.040468,0.410812703,0.042787766,0.493987704,1.07E-09,28.14007043,-10.05317229,0.011888325,-4.199678445,9784927589,1962352483,-0.272460805,-974.9379313,0.001304333
19285543592,7225460892,0.334554562,2317.331342,1.28E+11,51108427751,0.255958657,7743.102279,0.362133867,0.04353155,0.529606789,6.02E-09,44.55514751,-9.66844391,0.018357803,-1.627983469,18751981603,3778987929,-0.307640343,-2948.868511,0.006337974
26157859237,9698174127,0.348597112,2397.798832,2.24E+11,86022830990,0.302715099,7068.156154,0.396768091,0.058359562,0.431556769,5.95E-09,62.80414456,-19.06324592,0.018569779,-4.740731376,26569813595,5262869660,-0.282280284,-3352.337221,0.021267912
22929599089,8579052816,0.336371251,3177.086071,1.79E+11,72346530812,0.234444185,6719.751673,0.621584302,0.047385507,0.438744904,3.01E-09,39.02614502,-8.853650827,0.023853325,-3.171112603,22743726312,4580397039,-0.149646884,-3122.941803,0.007094547
18501483489,7006130589,0.32037815,3051.584206,1.13E+11,44753733107,0.26303922,7696.099368,0.620984958,0.06129054,0.413547004,4.95E-09,14.90623848,-22.54155117,0.012600907,-0.109335718,17625663831,3590051367,-0.149943676,-753.3906547,0.000700352
16488528289,6700988901,0.230305596,3104.995776,73173427856,28914241892,0.265352696,6761.170977,0.433893435,0.068661108,0.400915732,3.31E-09,28.62395578,-53.60019422,0.015251521,-5.655775999,14258154358,3085587909,-0.256857887,-1715.277601,0.008697937
5546630166,2301227962,0.205145743,3868.912943,1.68E+11,68589175338,0.22759257,7183.692261,0.536033353,0.015481315,0.471558065,7.30E-09,38.76439001,-50.94942684,0.027734118,-4.676486215,5607490929,1241009012,-0.194687033,-3009.522237,0.031174588
6137331911,2428697799,0.263502589,2769.180785,47111941234,18538273806,0.270666884,7814.096629,0.581055119,0.067890023,0.54899422,7.91E-09,51.20549291,-16.07427963,0.01068064,-8.403132323,5837884073,1237201743,-0.170289413,-337.0067825,0.039865715
25934394272,9733520389,0.332220678,3869.385777,37398744641,15445671601,0.210654532,6802.846345,0.74659896,0.094385083,0.535197408,1.57E-09,36.5265424,-8.158168581,0.008729546,-6.304510587,16706932480,3481996068,-0.092618947,-244.8530625,0.003442827
7269478682,2710746101,0.34086307,3637.338925,28163820154,11535156384,0.220781896,6413.318795,0.527058377,0.061724603,0.517878224,2.57E-09,33.6605386,-79.83568082,0.037945933,-9.145950282,6436899391,1304968153,-0.199751191,-6004.863401,0.035910649
23729817049,9486540434,0.25070974,2802.301988,63290292968,24292778243,0.302656541,6105.544817,0.711774538,0.066781329,0.438937162,3.86E-09,11.35165668,-61.06330308,0.008213181,-0.914323749,18571765017,3932868146,-0.107595216,-225.9190641,0.000440217
4936235621,2017017266,0.223647339,2859.91145,2.36E+11,93140102214,0.266090115,6162.815018,0.298589872,0.076510026,0.489275165,7.12E-09,58.3021123,-37.00557957,0.033990552,-4.201995461,5091896255,1111977131,-0.359077277,-6830.83001,0.035771951
23828703493,9387197387,0.269212871,2218.824051,99274572056,38559511908,0.28729031,7689.101034,0.464538508,0.077050649,0.436831818,7.51E-09,22.52331686,-25.26184201,0.020265064,-1.008380182,20761380029,4370730310,-0.237092981,-2851.393964,0.003720962
9222945573,3824148584,0.205882221,3372.48312,27706265496,10865213380,0.274998683,7777.925599,0.396288589,0.053119692,0.542703791,7.59E-10,14.1525903,-38.10444902,0.024301315,-8.295468117,7289013550,1592563327,-0.28262007,-3570.465639,0.003730787
16665641458,6748465103,0.234772738,3700.099403,1.74E+11,72056428167,0.209752847,6060.951488,0.672186472,0.043470745,0.406848298,2.45E-09,34.72333649,-40.31284425,0.022607435,-2.263089188,16082361474,3491379931,-0.125440173,-2133.899019,0.004265845
15501593722,6403655288,0.21037072,3017.652946,1.59E+11,60578401610,0.309445293,6706.455266,0.533579885,0.026149765,0.473126947,6.66E-09,40.39731904,-12.30648654,0.018940465,-1.442004725,14846872687,3253335468,-0.196064499,-2031.35306,0.007988626
22463102187,9126109320,0.230705298,3496.20933,2.10E+11,83632240648,0.258166627,7947.68907,0.330009086,0.085346926,0.514254986,2.23E-09,41.89609079,-4.459919973,0.01797908,-7.467940327,21467011566,4657682762,-0.332776792,-4020.920664,0.014595009
16353188893,6145806279,0.330434784,2173.980076,87878363486,35067564985,0.252986392,6562.156766,0.750973079,0.040306511,0.492899258,7.01E-09,32.43077013,-84.01850331,0.03716089,-0.270839667,15355226896,3110635006,-0.090782904,-3125.253322,0.003074322
24634993265,9699587360,0.269899035,3729.675002,48316188796,19898132713,0.214088515,7326.223127,0.339028202,0.033505848,0.538802555,1.50E-09,44.81641515,-42.06667403,0.022868903,-0.239094474,17426446930,3729656177,-0.325550633,-5922.460745,0.001093409
18656794348,7424972823,0.256354386,2004.826978,1.54E+11,60181359311,0.282705471,6330.680489,0.704819079,0.091906808,0.461244677,1.41E-09,26.63199361,-13.51959604,0.017393534,-0.733259209,17845425400,3796930891,-0.110665359,-864.0568449,0.000508476
19021995759,7398792118,0.285479809,2504.66353,2.32E+11,94480373226,0.225860649,6533.835494,0.624668948,0.056164086,0.486582317,3.12E-09,36.20166112,-79.46206034,0.02357859,-3.999494856,19090126692,3991894798,-0.148123263,-2456.920268,0.006551115
10344362690,4152860493,0.245450299,3402.636054,1.20E+11,46282007949,0.293142795,7832.3721,0.38212082,0.073795744,0.406879397,1.70E-09,20.02408501,-60.15769564,0.029233003,-8.513509955,10153995650,2176888070,-0.292799537,-6345.948083,0.012752575
12963460083,5330661374,0.215933556,3111.6838,69939339098,27921347922,0.252434863,7780.626565,0.217821418,0.081474448,0.456169668,7.09E-09,40.77022287,-4.878943095,0.005889922,-9.240324116,11503501273,2517186194,-0.436478313,-390.8836639,0.034319888
24153023001,9935169991,0.215531441,3062.676238,58970996235,22742710015,0.296481294,7004.487563,0.696834018,0.029808132,0.491459277,7.93E-09,7.629979757,-38.90736599,0.012711708,-2.502058989,18199594716,3929038096,-0.114223578,-594.5632351,0.003515644
24737801435,9565142416,0.293122484,2406.750012,1.37E+11,53426939163,0.280661353,7781.582185,0.492368109,0.089225714,0.546099966,1.87E-09,32.16711973,-3.774311057,0.018077238,-1.201133674,22892363236,4747688762,-0.220005824,-2302.566487,0.001181652
6754603194,2773319200,0.217783224,3872.968452,53215686042,21872902256,0.216475194,6516.253855,0.44198338,0.097253993,0.425597635,6.79E-09,53.29512171,-12.80732983,0.02818005,-0.347404502,6291831485,1380891421,-0.251538308,-4254.526305,0.010749184
25494316478,9460310056,0.347435566,3791.047022,37367977305,13953826251,0.338986764,7466.341789,0.397284338,0.068433949,0.527971238,7.15E-09,21.01891422,-25.37476578,0.018382144,-7.063123676,17189418582,3404598844,-0.2819148,-3317.977383,0.023368125
11731610348,4448472004,0.318611237,3412.944846,74158125326,30089993038,0.232272225,6541.917888,0.797725308,0.071214055,0.540215354,9.38E-09,57.97798819,-23.66423168,0.01612911,-3.821799649,11192690023,2289807239,-0.071749758,-497.7670909,0.018199086
22602835040,9127034260,0.238235466,3608.037824,2.06E+11,85422051305,0.208230179,7731.097025,0.533775337,0.010597238,0.413700134,7.02E-09,57.29041268,-35.54880758,0.029490627,-4.645190826,21567678093,4672841536,-0.195954575,-6486.548897,0.039430229
17948639751,7238704436,0.239768795,3119.277,33041976988,12627557178,0.308328148,7112.302095,0.704971919,0.027345435,0.421155232,1.76E-09,18.81863162,-21.81226942,0.036149699,-2.961725259,12515809172,2651563036,-0.110597604,-3896.409292,0.003497767
17727753581,6964175717,0.272781899,2954.64922,2.62E+11,99495241948,0.318093942,6292.809485,0.320753138,0.084299021,0.430980352,4.67E-09,48.73825514,-83.35147972,0.031419141,-9.051624395,17973268629,3774737149,-0.340337958,-10563.76033,0.088973025
